0,0,432,280.6050131,432.5,281.1050131,433,281.5102794,433.5,281.676946,434,281.8436127,434.5,282.0102794,435,282.176946,435.5,282.3436127,436,282.5632177,436.5,282.8965511,437,283.2298844,437.5,283.5632177,438,283.8965511,438.5,284.2298844,439,284.5632177,439.5,284.8965511,440,285.2298844,440.5,285.5632177,441,285.8965511,441.5,286.2298844,442,286.4991363,442.5,286.665803,443,286.8324696,443.5,286.9991363,444,287.165803,444.5,287.3324696,445,287.4991363,445.5,287.665803,446,287.8324696,446.5,287.9991363,447,288.165803,447.5,288.3324696,448,288.4991363,448.5,288.665803,449,288.8324696,449.5,288.9991363,450,289.165803,450.5,289.3324696,451,289.4991363,451.5,289.665803,452,289.8324696,452.5,289.9991363,453,290.165803,453.5,290.3324696,454,290.5855038,454.5,290.9188372,455,291.2521705,455.5,291.5855038,456,291.9188372,456.5,292.2521705
0,0,457,292.7693819,457.5,293.4360486,458,294.1027153,458.5,294.7693819,459,295.4360486,459.5,296.1027153,460,297.2569348,460.5,298.7569348,461,299.8594638,461.5,300.6927971,462,301.5261305,462.5,302.3594638,463,303.1927971,463.5,304.0261305,464,304.8594638,464.5,305.6927971,465,306.5261305,465.5,307.3594638,466,308.1927971,466.5,309.0261305,467,310.9645718,467.5,313.4645718,468,315.290364,468.5,316.790364,469,317.9476885,469.5,318.9476885,470,319.9476885,470.5,320.9476885,471,321.9476885,471.5,322.9476885,472,324.037536,472.5,325.162536,473,326.287536,473.5,327.412536,474,328.537536,474.5,329.662536,475,330.787536,475.5,331.912536,476,332.942117,476.5,333.942117,477,334.942117,477.5,335.942117,478,336.942117,478.5,337.942117,479,339.7388984,479.5,341.7388984,480,343.7388984,480.5,345.7388984,481,347.7388984,481.5,349.7388984
0,0,482,351.7388984,482.5,353.7388984,483,355.3182216,483.5,356.8182216,484,358.3182216,484.5,359.8182216,485,361.3182216,485.5,362.8182216,486,364.3182216,486.5,365.8182216,487,367.3182216,487.5,368.8182216,488,370.3182216,488.5,371.8182216,489,373.6209589,489.5,375.4542922,490,377.2876256,490.5,379.1209589,491,380.9542922,491.5,382.7876256,492,383.9931982,492.5,385.1598648,493,386.3265315,493.5,387.4931982,494,388.6598648,494.5,389.8265315,495,390.9931982,495.5,392.1598648,496,393.3265315,496.5,394.4931982,497,395.6598648,497.5,396.8276648,498,398.1276648,498.5,399.4276648,499,400.7276648,499.5,402.0276648,500,403.3276648,500.5,404.6276648,501,405.9276648,501.5,407.2276648,502,408.5276648,502.5,409.9689369,503,413.4689369,503.5,416.9689369,504,420.4689369,504.5,423.860811,505,426.110811,505.5,428.360811,506,430.610811,506.5,432.9967945
1,0,456.5,292.2521705,456,291.9188372,455.5,291.5855038,455,291.2521705,454.5,290.9188372,454,290.5855038,453.5,290.3324696,453,290.165803,452.5,289.9991363,452,289.8324696,451.5,289.665803,451,289.4991363,450.5,289.3324696,450,289.165803,449.5,288.9991363,449,288.8324696,448.5,288.665803,448,288.4991363,447.5,288.3324696,447,288.165803,446.5,287.9991363,446,287.8324696,445.5,287.665803,445,287.4991363,444.5,287.3324696,444,287.165803,443.5,286.9991363,443,286.8324696,442.5,286.665803,442,286.4991363,441.5,286.2298844,441,285.8965511,440.5,285.5632177,440,285.2298844,439.5,284.8965511,439,284.5632177,438.5,284.2298844,438,283.8965511,437.5,283.5632177,437,283.2298844,436.5,282.8965511,436,282.5632177,435.5,282.3436127,435,282.176946,434.5,282.0102794,434,281.8436127,433.5,281.676946,433,281.5102794,432.5,281.1050131,432,280.6050131
1,0,481.5,349.7388984,481,347.7388984,480.5,345.7388984,480,343.7388984,479.5,341.7388984,479,339.7388984,478.5,337.942117,478,336.942117,477.5,335.942117,477,334.942117,476.5,333.942117,476,332.942117,475.5,331.912536,475,330.787536,474.5,329.662536,474,328.537536,473.5,327.412536,473,326.287536,472.5,325.162536,472,324.037536,471.5,322.9476885,471,321.9476885,470.5,320.9476885,470,319.9476885,469.5,318.9476885,469,317.9476885,468.5,316.790364,468,315.290364,467.5,313.4645718,467,310.9645718,466.5,309.0261305,466,308.1927971,465.5,307.3594638,465,306.5261305,464.5,305.6927971,464,304.8594638,463.5,304.0261305,463,303.1927971,462.5,302.3594638,462,301.5261305,461.5,300.6927971,461,299.8594638,460.5,298.7569348,460,297.2569348,459.5,296.1027153,459,295.4360486,458.5,294.7693819,458,294.1027153,457.5,293.4360486,457,292.7693819
1,0,506.5,432.9967945,506,430.610811,505.5,428.360811,505,426.110811,504.5,423.860811,504,420.4689369,503.5,416.9689369,503,413.4689369,502.5,409.9689369,502,408.5276648,501.5,407.2276648,501,405.9276648,500.5,404.6276648,500,403.3276648,499.5,402.0276648,499,400.7276648,498.5,399.4276648,498,398.1276648,497.5,396.8276648,497,395.6598648,496.5,394.4931982,496,393.3265315,495.5,392.1598648,495,390.9931982,494.5,389.8265315,494,388.6598648,493.5,387.4931982,493,386.3265315,492.5,385.1598648,492,383.9931982,491.5,382.7876256,491,380.9542922,490.5,379.1209589,490,377.2876256,489.5,375.4542922,489,373.6209589,488.5,371.8182216,488,370.3182216,487.5,368.8182216,487,367.3182216,486.5,365.8182216,486,364.3182216,485.5,362.8182216,485,361.3182216,484.5,359.8182216,484,358.3182216,483.5,356.8182216,483,355.3182216,482.5,353.7388984,482,351.7388984
2,0,520,420.17,521,420.17,522,420.17,523,420.17,524,420.17,525,420.17,526,420.17,527,420.17,528,420.17,529,420.17,530,420.17,531,420.17,532,420.17,533,420.17,534,420.17,535,420.17,536,420.17,537,420.17,538,420.17,539,420.17,540,420.17,541,420.17,542,420.17,543,420.17,544,420.17,545,420.17,546,420.17,547,420.17,548,420.17,549,420.17,550,420.17,551,420.17,552,420.17,553,420.17,554,420.17,555,420.17,556,420.17,557,420.17,558,420.17,559,420.17,560,420.17,561,420.17,562,420.17,563,420.17,564,420.17,565,420.17,566,420.17,567,420.17,568,420.17,569,420.17
2,0,570,420.17,571,420.17,572,420.17,573,420.17,574,420.17,575,420.17,576,420.17,577,420.17,578,420.17,579,420.17,580,420.17,581,420.17,582,420.17,583,420.17,584,420.17,585,420.17,586,420.17,587,420.17,588,420.17,589,420.17,590,420.17,591,420.17,592,420.17,593,420.17,594,420.17,595,420.17,596,420.17,597,420.17,598,420.17,599,420.17,600,420.17,601,420.17,602,420.17,603,420.17,604,420.17,605,420.17,606,420.17,607,420.17,608,420.17,609,420.17,610,420.17,611,420.17,612,420.17,613,420.17,614,420.17,615,420.17,616,420.17,617,420.17,618,420.17,619,420.17
2,0,620,420.17,621,420.17,622,420.17,623,420.17,624,420.17,625,420.17,626,420.17,627,420.17,628,420.17,629,420.17,630,420.17,631,420.17,632,420.17,633,420.17,634,420.17,635,420.17,636,420.17,637,420.17,638,420.17,639,420.17,640,420.17,641,420.17,642,420.17,643,420.17,644,420.17,645,420.17,646,420.17,647,420.17,648,420.17,649,420.17,650,420.17,651,420.17,652,420.17,653,420.17,654,420.17,655,420.17,656,420.17,657,420.17,658,420.17,659,420.17,660,420.17,661,420.17,662,420.17,663,420.17,664,420.17,665,420.17,666,420.17,667,420.17,668,420.17,669,420.17
2,0,670,420.17,671,420.17,672,420.17,673,420.17,674,420.17,675,420.17,676,420.17,677,420.17,678,420.17,679,420.17,680,420.17,681,420.17,682,420.17,683,420.17,684,420.17,685,420.17,686,420.17,687,420.17,688,420.17,689,420.17,690,420.17,691,420.17,692,420.17,693,420.17,694,420.17,695,420.17,696,420.17,697,420.17,698,420.17,699,420.17,700,420.17,701,420.17,702,420.17,703,420.17,704,420.17,705,420.17,706,420.17,707,420.17,708,420.17,709,420.17,710,420.17,711,420.17,712,420.17,713,420.17,714,420.17,715,420.17,716,420.17,717,420.17,718,420.17,719,420.17
3,0,569,420.17,568,420.17,567,420.17,566,420.17,565,420.17,564,420.17,563,420.17,562,420.17,561,420.17,560,420.17,559,420.17,558,420.17,557,420.17,556,420.17,555,420.17,554,420.17,553,420.17,552,420.17,551,420.17,550,420.17,549,420.17,548,420.17,547,420.17,546,420.17,545,420.17,544,420.17,543,420.17,542,420.17,541,420.17,540,420.17,539,420.17,538,420.17,537,420.17,536,420.17,535,420.17,534,420.17,533,420.17,532,420.17,531,420.17,530,420.17,529,420.17,528,420.17,527,420.17,526,420.17,525,420.17,524,420.17,523,420.17,522,420.17,521,420.17,520,420.17
3,0,619,420.17,618,420.17,617,420.17,616,420.17,615,420.17,614,420.17,613,420.17,612,420.17,611,420.17,610,420.17,609,420.17,608,420.17,607,420.17,606,420.17,605,420.17,604,420.17,603,420.17,602,420.17,601,420.17,600,420.17,599,420.17,598,420.17,597,420.17,596,420.17,595,420.17,594,420.17,593,420.17,592,420.17,591,420.17,590,420.17,589,420.17,588,420.17,587,420.17,586,420.17,585,420.17,584,420.17,583,420.17,582,420.17,581,420.17,580,420.17,579,420.17,578,420.17,577,420.17,576,420.17,575,420.17,574,420.17,573,420.17,572,420.17,571,420.17,570,420.17
3,0,669,420.17,668,420.17,667,420.17,666,420.17,665,420.17,664,420.17,663,420.17,662,420.17,661,420.17,660,420.17,659,420.17,658,420.17,657,420.17,656,420.17,655,420.17,654,420.17,653,420.17,652,420.17,651,420.17,650,420.17,649,420.17,648,420.17,647,420.17,646,420.17,645,420.17,644,420.17,643,420.17,642,420.17,641,420.17,640,420.17,639,420.17,638,420.17,637,420.17,636,420.17,635,420.17,634,420.17,633,420.17,632,420.17,631,420.17,630,420.17,629,420.17,628,420.17,627,420.17,626,420.17,625,420.17,624,420.17,623,420.17,622,420.17,621,420.17,620,420.17
3,0,719,420.17,718,420.17,717,420.17,716,420.17,715,420.17,714,420.17,713,420.17,712,420.17,711,420.17,710,420.17,709,420.17,708,420.17,707,420.17,706,420.17,705,420.17,704,420.17,703,420.17,702,420.17,701,420.17,700,420.17,699,420.17,698,420.17,697,420.17,696,420.17,695,420.17,694,420.17,693,420.17,692,420.17,691,420.17,690,420.17,689,420.17,688,420.17,687,420.17,686,420.17,685,420.17,684,420.17,683,420.17,682,420.17,681,420.17,680,420.17,679,420.17,678,420.17,677,420.17,676,420.17,675,420.17,674,420.17,673,420.17,672,420.17,671,420.17,670,420.17
3,0,20,444.8175058,20.25,444.5050058,20.5,444.1925058,20.75,443.8800058,21,443.5675058,21.25,443.2550058,21.5,442.95142,21.75,442.7847533,22,442.6180866,22.25,442.45142,22.5,442.2847533,22.75,442.1180866,23,441.95142,23.25,441.7847533,23.5,441.6180866,23.75,441.45142,24,441.2658165,24.25,441.0158165,24.5,440.7658165,24.75,440.5158165,25,440.2658165,25.25,440.0158165,25.5,439.7658165,25.75,439.5158165,26,439.2658165,26.25,439.0158165,26.5,438.7658165,26.75,438.5158165,27,438.2658165,27.25,438.0086042,27.5,437.6961042,27.75,437.3836042,28,437.0711042,28.25,436.7586042,28.5,436.4461042,28.75,436.1336042,29,435.8211042,29.25,435.5086042,29.5,435.1961042,29.75,434.8836042,30,434.5711042,30.25,434.2586042,30.5,433.9458823,30.75,433.5708823,31,433.1958823,31.25,432.8208823,31.5,432.4458823,31.75,432.0708823,32,431.6958823,32.25,431.3768358
4,0,32.5,431.1268358,32.75,430.8768358,33,430.6268358,33.25,430.3768358,33.5,430.1268358,33.75,429.8768358,34,429.6268358,34.25,429.3768358,34.5,429.1268358,34.75,428.8768358,35,428.6268358,35.25,428.3768358,35.5,428.1268358,35.75,427.8768358,36,427.6268358,36.25,427.3768358,36.5,427.1268358,36.75,426.8768358,37,426.6268358,37.25,426.3768358,37.5,426.1268358,37.75,425.8768358,38,425.6268358,38.25,425.3768358,38.5,425.1268358,38.75,424.8908319,39,424.7033319,39.25,424.5158319,39.5,424.3283319,39.75,424.1408319,40,423.9533319,40.25,423.7658319,40.5,423.5783319,40.75,423.3908319,41,423.2033319,41.25,423.0158319,41.5,422.8283319,41.75,422.6408319,42,422.4463262,42.25,422.1963262,42.5,421.9463262,42.75,421.6963262,43,421.4463262,43.25,421.1963262,43.5,420.9463262,43.75,420.6963262,44,420.4463262,44.25,420.1963262,44.5,419.9463262,44.75,419.6963262
4,0,45,419.4463262,45.25,419.1963262,45.5,418.9463262,45.75,418.6963262,46,418.4463262,46.25,418.1963262,46.5,417.9463262,46.75,417.6963262,47,417.4463262,47.25,417.1963262,47.5,416.9463262,47.75,416.6963262,48,416.4463262,48.25,416.1963262,48.5,415.9463262,48.75,415.5482593,49,415.1315926,49.25,414.714926,49.5,414.2982593,49.75,413.8815926,50,413.464926,50.25,413.0482593,50.5,412.6315926,50.75,412.214926,51,411.8107528,51.25,411.6232528,51.5,411.4357528,51.75,411.2482528,52,411.0607528,52.25,410.8732528,52.5,410.6857528,52.75,410.4982528,53,410.3107528,53.25,410.1232528,53.5,409.9357528,53.75,409.7482528,54,409.5607528,54.25,409.3732528,54.5,409.1268358,54.75,408.8768358,55,408.6268358,55.25,408.3768358,55.5,408.1268358,55.75,407.8768358,56,407.6268358,56.25,407.3768358,56.5,407.1268358,56.75,406.8496389,57,406.3496389,57.25,405.8496389
4,0,57.5,405.3496389,57.75,404.8496389,58,404.3496389,58.25,403.8496389,58.5,403.5154984,58.75,403.3154984,59,403.1154984,59.25,402.9154984,59.5,402.7154984,59.75,402.5154984,60,402.3154984,60.25,402.1154984,60.5,401.9154984,60.75,401.7154984,61,401.5154984,61.25,401.3154984,61.5,401.1154984,61.75,400.9154984,62,400.7154984,62.25,400.5154984,62.5,400.2665809,62.75,399.7665809,63,399.2665809,63.25,398.7665809,63.5,398.2665809,63.75,397.7665809,64,397.2665809,64.25,396.8677702,64.5,396.5344369,64.75,396.2011035,65,395.8677702,65.25,395.5344369,65.5,395.2011035,65.75,394.8677702,66,394.5344369,66.25,394.2011035,66.5,393.8677702,66.75,393.2122486,67,392.4622486,67.25,391.7122486,67.5,391.1273454,67.75,390.7106788,68,390.2940121,68.25,389.8773454,68.5,389.4606788,68.75,389.0440121,69,388.6273454,69.25,388.2106788,69.5,387.7940121,69.75,387.3773454
4,0,70,386.9055616,70.25,386.4055616,70.5,385.9055616,70.75,385.4055616,71,384.9055616,71.25,384.4055616,71.5,383.9231422,71.75,383.5898088,72,383.2564755,72.25,382.9231422,72.5,382.5898088,72.75,382.2564755,73,381.9231422,73.25,381.5898088,73.5,381.2564755,73.75,380.9231422,74,380.5898088,74.25,380.2564755,74.5,379.9231422,74.75,379.5898088,75,379.2564755,75.25,378.9231422,75.5,378.5898088,75.75,378.2564755,76,377.9231422,76.25,377.5898088,76.5,376.9646651,76.75,375.9646651,77,374.9646651,77.25,374.0445422,77.5,373.5445422,77.75,373.0445422,78,372.5445422,78.25,372.0445422,78.5,371.5445422,78.75,371.0445422,79,370.6200212,79.25,370.2450212,79.5,369.8700212,79.75,369.4950212,80,369.1200212,80.25,368.7450212,80.5,368.3640326,80.75,367.8640326,81,367.3640326,81.25,366.8640326,81.5,366.3640326,81.75,365.8640326,82,365.3640326,82.25,364.95628
4,0,82.5,364.64378,82.75,364.33128,83,364.01878,83.25,363.70628,83.5,363.39378,83.75,363.08128,84,362.76878,84.25,362.45628,84.5,362.14378,84.75,361.83128,85,361.51878,85.25,361.20628,85.5,360.8225036,85.75,360.3225036,86,359.8225036,86.25,359.3225036,86.5,358.8225036,86.75,358.3225036,87,357.8225036,87.25,357.4255308,87.5,357.0505308,87.75,356.6755308,88,356.3005308,88.25,355.9255308,88.5,355.5505308,88.75,355.2090678,89,354.9590678,89.25,354.7090678,89.5,354.4590678,89.75,354.2090678,90,353.9590678,90.25,353.7090678,90.5,353.4590678,90.75,353.2090678,91,352.9590678,91.25,352.7090678,91.5,352.4590678,91.75,352.2090678,92,351.9590678,92.25,351.7090678,92.5,351.4590678,92.75,351.2090678,93,350.9590678,93.25,350.7090678,93.5,350.4590678,93.75,349.9088041,94,349.1588041,94.25,348.4088041,94.5,347.6991249,94.75,347.0741249
4,0,95,346.4491249,95.25,345.8241249,95.5,345.1991249,95.75,344.5741249,96,343.9491249,96.25,343.2282944,96.5,342.4782944,96.75,341.7282944,97,340.9782944,97.25,340.2282944,97.5,339.4782944,97.75,338.8512148,98,338.6845481,98.25,338.5178815,98.5,338.3512148,98.75,338.1845481,99,338.0178815,99.25,337.8512148,99.5,337.6845481,99.75,337.5178815,100,337.3512148,100.25,336.8234131,100.5,335.6984131,100.75,334.5734131,101,333.4484131,101.25,332.3234131,101.5,331.1984131,101.75,330.0734131,102,329.2562558,102.25,328.5062558,102.5,327.7562558,102.75,327.0062558,103,326.2562558,103.25,325.5062558,103.5,324.7231319,103.75,323.8481319,104,322.9731319,104.25,322.0981319,104.5,321.2231319,104.75,320.3481319,105,319.4731319,105.25,318.5094983,105.5,317.5094983,105.75,316.5094983,106,315.5094983,106.25,314.5094983,106.5,313.5094983,106.75,312.5094983,107,311.5094983,107.25,310.5094983
5,0,32.25,431.3768358,32,431.6958823,31.75,432.0708823,31.5,432.4458823,31.25,432.8208823,31,433.1958823,30.75,433.5708823,30.5,433.9458823,30.25,434.2586042,30,434.5711042,29.75,434.8836042,29.5,435.1961042,29.25,435.5086042,29,435.8211042,28.75,436.1336042,28.5,436.4461042,28.25,436.7586042,28,437.0711042,27.75,437.3836042,27.5,437.6961042,27.25,438.0086042,27,438.2658165,26.75,438.5158165,26.5,438.7658165,26.25,439.0158165,26,439.2658165,25.75,439.5158165,25.5,439.7658165,25.25,440.0158165,25,440.2658165,24.75,440.5158165,24.5,440.7658165,24.25,441.0158165,24,441.2658165,23.75,441.45142,23.5,441.6180866,23.25,441.7847533,23,441.95142,22.75,442.1180866,22.5,442.2847533,22.25,442.45142,22,442.6180866,21.75,442.7847533,21.5,442.95142,21.25,443.2550058,21,443.5675058,20.75,443.8800058,20.5,444.1925058,20.25,444.5050058,20,444.8175058
5,0,44.75,419.6963262,44.5,419.9463262,44.25,420.1963262,44,420.4463262,43.75,420.6963262,43.5,420.9463262,43.25,421.1963262,43,421.4463262,42.75,421.6963262,42.5,421.9463262,42.25,422.1963262,42,422.4463262,41.75,422.6408319,41.5,422.8283319,41.25,423.0158319,41,423.2033319,40.75,423.3908319,40.5,423.5783319,40.25,423.7658319,40,423.9533319,39.75,424.1408319,39.5,424.3283319,39.25,424.5158319,39,424.7033319,38.75,424.8908319,38.5,425.1268358,38.25,425.3768358,38,425.6268358,37.75,425.8768358,37.5,426.1268358,37.25,426.3768358,37,426.6268358,36.75,426.8768358,36.5,427.1268358,36.25,427.3768358,36,427.6268358,35.75,427.8768358,35.5,428.1268358,35.25,428.3768358,35,428.6268358,34.75,428.8768358,34.5,429.1268358,34.25,429.3768358,34,429.6268358,33.75,429.8768358,33.5,430.1268358,33.25,430.3768358,33,430.6268358,32.75,430.8768358,32.5,431.1268358
5,0,57.25,405.8496389,57,406.3496389,56.75,406.8496389,56.5,407.1268358,56.25,407.3768358,56,407.6268358,55.75,407.8768358,55.5,408.1268358,55.25,408.3768358,55,408.6268358,54.75,408.8768358,54.5,409.1268358,54.25,409.3732528,54,409.5607528,53.75,409.7482528,53.5,409.9357528,53.25,410.1232528,53,410.3107528,52.75,410.4982528,52.5,410.6857528,52.25,410.8732528,52,411.0607528,51.75,411.2482528,51.5,411.4357528,51.25,411.6232528,51,411.8107528,50.75,412.214926,50.5,412.6315926,50.25,413.0482593,50,413.464926,49.75,413.8815926,49.5,414.2982593,49.25,414.714926,49,415.1315926,48.75,415.5482593,48.5,415.9463262,48.25,416.1963262,48,416.4463262,47.75,416.6963262,47.5,416.9463262,47.25,417.1963262,47,417.4463262,46.75,417.6963262,46.5,417.9463262,46.25,418.1963262,46,418.4463262,45.75,418.6963262,45.5,418.9463262,45.25,419.1963262,45,419.4463262
5,0,69.75,387.3773454,69.5,387.7940121,69.25,388.2106788,69,388.6273454,68.75,389.0440121,68.5,389.4606788,68.25,389.8773454,68,390.2940121,67.75,390.7106788,67.5,391.1273454,67.25,391.7122486,67,392.4622486,66.75,393.2122486,66.5,393.8677702,66.25,394.2011035,66,394.5344369,65.75,394.8677702,65.5,395.2011035,65.25,395.5344369,65,395.8677702,64.75,396.2011035,64.5,396.5344369,64.25,396.8677702,64,397.2665809,63.75,397.7665809,63.5,398.2665809,63.25,398.7665809,63,399.2665809,62.75,399.7665809,62.5,400.2665809,62.25,400.5154984,62,400.7154984,61.75,400.9154984,61.5,401.1154984,61.25,401.3154984,61,401.5154984,60.75,401.7154984,60.5,401.9154984,60.25,402.1154984,60,402.3154984,59.75,402.5154984,59.5,402.7154984,59.25,402.9154984,59,403.1154984,58.75,403.3154984,58.5,403.5154984,58.25,403.8496389,58,404.3496389,57.75,404.8496389,57.5,405.3496389
5,0,82.25,364.95628,82,365.3640326,81.75,365.8640326,81.5,366.3640326,81.25,366.8640326,81,367.3640326,80.75,367.8640326,80.5,368.3640326,80.25,368.7450212,80,369.1200212,79.75,369.4950212,79.5,369.8700212,79.25,370.2450212,79,370.6200212,78.75,371.0445422,78.5,371.5445422,78.25,372.0445422,78,372.5445422,77.75,373.0445422,77.5,373.5445422,77.25,374.0445422,77,374.9646651,76.75,375.9646651,76.5,376.9646651,76.25,377.5898088,76,377.9231422,75.75,378.2564755,75.5,378.5898088,75.25,378.9231422,75,379.2564755,74.75,379.5898088,74.5,379.9231422,74.25,380.2564755,74,380.5898088,73.75,380.9231422,73.5,381.2564755,73.25,381.5898088,73,381.9231422,72.75,382.2564755,72.5,382.5898088,72.25,382.9231422,72,383.2564755,71.75,383.5898088,71.5,383.9231422,71.25,384.4055616,71,384.9055616,70.75,385.4055616,70.5,385.9055616,70.25,386.4055616,70,386.9055616
5,0,94.75,347.0741249,94.5,347.6991249,94.25,348.4088041,94,349.1588041,93.75,349.9088041,93.5,350.4590678,93.25,350.7090678,93,350.9590678,92.75,351.2090678,92.5,351.4590678,92.25,351.7090678,92,351.9590678,91.75,352.2090678,91.5,352.4590678,91.25,352.7090678,91,352.9590678,90.75,353.2090678,90.5,353.4590678,90.25,353.7090678,90,353.9590678,89.75,354.2090678,89.5,354.4590678,89.25,354.7090678,89,354.9590678,88.75,355.2090678,88.5,355.5505308,88.25,355.9255308,88,356.3005308,87.75,356.6755308,87.5,357.0505308,87.25,357.4255308,87,357.8225036,86.75,358.3225036,86.5,358.8225036,86.25,359.3225036,86,359.8225036,85.75,360.3225036,85.5,360.8225036,85.25,361.20628,85,361.51878,84.75,361.83128,84.5,362.14378,84.25,362.45628,84,362.76878,83.75,363.08128,83.5,363.39378,83.25,363.70628,83,364.01878,82.75,364.33128,82.5,364.64378
5,0,107.25,310.5094983,107,311.5094983,106.75,312.5094983,106.5,313.5094983,106.25,314.5094983,106,315.5094983,105.75,316.5094983,105.5,317.5094983,105.25,318.5094983,105,319.4731319,104.75,320.3481319,104.5,321.2231319,104.25,322.0981319,104,322.9731319,103.75,323.8481319,103.5,324.7231319,103.25,325.5062558,103,326.2562558,102.75,327.0062558,102.5,327.7562558,102.25,328.5062558,102,329.2562558,101.75,330.0734131,101.5,331.1984131,101.25,332.3234131,101,333.4484131,100.75,334.5734131,100.5,335.6984131,100.25,336.8234131,100,337.3512148,99.75,337.5178815,99.5,337.6845481,99.25,337.8512148,99,338.0178815,98.75,338.1845481,98.5,338.3512148,98.25,338.5178815,98,338.6845481,97.75,338.8512148,97.5,339.4782944,97.25,340.2282944,97,340.9782944,96.75,341.7282944,96.5,342.4782944,96.25,343.2282944,96,343.9491249,95.75,344.5741249,95.5,345.1991249,95.25,345.8241249,95,346.4491249
6,0,109,217.4809903,109.05,218.0311793,109.1,218.5813682,109.15,219.1315572,109.2,219.6817462,109.25,220.2319352,109.3,220.7821242,109.35,221.3323132,109.4,221.8825022,109.45,222.4326912,109.5,222.9828802,109.55,223.5330692,109.6,224.0832581,109.65,224.6334471,109.7,225.1836361,109.75,225.7338251,109.8,226.2840141,109.85,226.8342031,109.9,227.3843921,109.95,227.9345811,110,228.4847701,110.05,229.0349591,110.1,229.585148,110.15,230.135337,110.2,230.685526,110.25,231.235715,110.3,231.785904,110.35,232.336093,110.4,232.886282,110.45,233.436471,110.5,233.98666,110.55,234.536849,110.6,235.0870379,110.65,235.6372269,110.7,236.1874159,110.75,236.7376049,110.8,237.2877939,110.85,237.8379829,110.9,238.3881719,110.95,238.9383609,111,239.4885499,111.05,240.0387389,111.1,240.5889278,111.15,241.1391168,111.2,241.6893058,111.25,242.2394948,111.3,242.7896838,111.35,243.3398728,111.4,243.8900618,111.45,244.4402508
6,0,111.5,244.9904398,111.55,245.5406288,111.6,246.0908177,111.65,246.6410067,111.7,247.1911957,111.75,247.7413847,111.8,248.2915737,111.85,248.8417627,111.9,249.3919517,111.95,249.9421407,112,250.4923297,112.05,251.0425187,112.1,251.5927076,112.15,252.1428966,112.2,252.6930856,112.25,253.2432746,112.3,253.7934636,112.35,254.3436526,112.4,254.8938416,112.45,255.4440306,112.5,255.9942196,112.55,256.5444086,112.6,257.0945975,112.65,257.6447865,112.7,258.1949755,112.75,258.7451645,112.8,259.2953535,112.85,259.8455425,112.9,260.3957315,112.95,260.9459205,113,261.4961095,113.05,262.0462984,113.1,262.5964874,113.15,263.1466764,113.2,263.6968654,113.25,264.2470544,113.3,264.7972434,113.35,265.3474324,113.4,265.8976214,113.45,266.4478104,113.5,266.9979994,113.55,267.5481883,113.6,268.0983773,113.65,268.6485663,113.7,269.1987553,113.75,269.7489443,113.8,270.2991333,113.85,270.8493223,113.9,271.3995113,113.95,271.9497003
6,0,114,272.4998893,114.05,273.0500782,114.1,273.6002672,114.15,274.1504562,114.2,274.7006452,114.25,275.2508342,114.3,275.8010232,114.35,276.3512122,114.4,276.9014012,114.45,277.4515902,114.5,278.0017792,114.55,278.5519681,114.6,279.1021571,114.65,279.6523461,114.7,280.2025351,114.75,280.7527241,114.8,281.3029131,114.85,281.8531021,114.9,282.4032911,114.95,282.9534801,115,283.5036691,115.05,284.053858,115.1,284.604047,115.15,285.154236,115.2,285.704425,115.25,286.254614,115.3,286.804803,115.35,287.354992,115.4,287.905181,115.45,288.45537,115.5,289.005559,115.55,289.5557479,115.6,290.1059369,115.65,290.6561259,115.7,291.2063149,115.75,291.7565039,115.8,292.3066929,115.85,292.8568819,115.9,293.4070709,115.95,293.9572599,116,294.5074489,116.05,295.0576378,116.1,295.6078268,116.15,296.1580158,116.2,296.7082048,116.25,297.2583938,116.3,297.8085828,116.35,298.3587718,116.4,298.9089608,116.45,299.4591498
6,0,116.5,300.0093388,116.55,300.5595277,116.6,301.1097167,116.65,301.6599057,116.7,302.2100947,116.75,302.7602837,116.8,303.3104727,116.85,303.8606617,116.9,304.4108507,116.95,304.9610397,117,305.5112287,117.05,306.0614176,117.1,306.6116066,117.15,307.1617956,117.2,307.7119846,117.25,308.2621736,117.3,308.8123626,117.35,309.3625516,117.4,309.9127406,117.45,310.4629296,117.5,311.0131186,117.55,311.5633075,117.6,312.1134965,117.65,312.6636855,117.7,313.2138745,117.75,313.7640635,117.8,314.3142525,117.85,314.8644415,117.9,315.4146305,117.95,315.9648195,118,316.5150085,118.05,317.0651974,118.1,317.6153864,118.15,318.1655754,118.2,318.7157644,118.25,319.2659534,118.3,319.8161424,118.35,320.3663314,118.4,320.9165204,118.45,321.4667094,118.5,322.0168983,118.55,322.5670873,118.6,323.1172763,118.65,323.6674653,118.7,324.2176543,118.75,324.7678433,118.8,325.3180323,118.85,325.8682213,118.9,326.4184103,118.95,326.9685993
6,0,119,327.5187882,119.05,328.0689772,119.1,328.6191662,119.15,329.1693552,119.2,329.7195442,119.25,330.2697332,119.3,330.8199222,119.35,331.3701112,119.4,331.9203002,119.45,332.4704892,119.5,333.0206781,119.55,333.5708671,119.6,334.1210561,119.65,334.6712451,119.7,335.2214341,119.75,335.7716231,119.8,336.3218121,119.85,336.8720011,119.9,337.4221901,119.95,337.9723791,120,338.522568,120.04,339.072757,120.09,339.622946,120.14,340.173135,120.19,340.723324,120.24,341.273513,120.29,341.823702,120.34,342.373891,120.39,342.92408,120.44,343.474269,120.49,344.0244579,120.54,344.5746469,120.59,345.1248359,120.64,345.6750249,120.69,346.2252139,120.74,346.7754029,120.79,347.3255919,120.84,347.8757809,120.89,348.4259699,120.94,348.9761589,120.99,349.5263478,121.04,350.0765368,121.09,350.6267258,121.14,351.1769148,121.19,351.7271038,121.24,352.2772928,121.29,352.8274818,121.34,353.3776708,121.39,353.9278598,121.44,354.4780487
6,0,121.49,355.0282377,121.54,355.5784267,121.59,356.1286157,121.64,356.6788047,121.69,357.2289937,121.74,357.7791827,121.79,358.3293717,121.84,358.8795607,121.89,359.4297497,121.94,359.9799387,121.99,360.5301276,122.04,361.0803166,122.09,361.6305056,122.14,362.1806946,122.19,362.7308836,122.24,363.2810726,122.29,363.8312616,122.34,364.3814506,122.39,364.9316396,122.44,365.4818285,122.49,366.0320175,122.54,366.5822065,122.59,367.1323955,122.64,367.6825845,122.69,368.2327735,122.74,368.7829625,122.79,369.3331515,122.84,369.8833405,122.89,370.4335295,122.94,370.9837184,122.99,371.5339074,123.04,372.0840964,123.09,372.6342854,123.14,373.1844744,123.19,373.7346634,123.24,374.2848524,123.29,374.8350414,123.34,375.3852304,123.39,375.9354194,123.44,376.4856084,123.49,377.0357973,123.54,377.5859863,123.59,378.1361753,123.64,378.6863643,123.69,379.2365533,123.74,379.7867423,123.79,380.3369313,123.84,380.8871203,123.89,381.4373093,123.94,381.9874982
7,0,111.45,244.4402508,111.4,243.8900618,111.35,243.3398728,111.3,242.7896838,111.25,242.2394948,111.2,241.6893058,111.15,241.1391168,111.1,240.5889278,111.05,240.0387389,111,239.4885499,110.95,238.9383609,110.9,238.3881719,110.85,237.8379829,110.8,237.2877939,110.75,236.7376049,110.7,236.1874159,110.65,235.6372269,110.6,235.0870379,110.55,234.536849,110.5,233.98666,110.45,233.436471,110.4,232.886282,110.35,232.336093,110.3,231.785904,110.25,231.235715,110.2,230.685526,110.15,230.135337,110.1,229.585148,110.05,229.0349591,110,228.4847701,109.95,227.9345811,109.9,227.3843921,109.85,226.8342031,109.8,226.2840141,109.75,225.7338251,109.7,225.1836361,109.65,224.6334471,109.6,224.0832581,109.55,223.5330692,109.5,222.9828802,109.45,222.4326912,109.4,221.8825022,109.35,221.3323132,109.3,220.7821242,109.25,220.2319352,109.2,219.6817462,109.15,219.1315572,109.1,218.5813682,109.05,218.0311793,109,217.4809903
7,0,113.95,271.9497003,113.9,271.3995113,113.85,270.8493223,113.8,270.2991333,113.75,269.7489443,113.7,269.1987553,113.65,268.6485663,113.6,268.0983773,113.55,267.5481883,113.5,266.9979994,113.45,266.4478104,113.4,265.8976214,113.35,265.3474324,113.3,264.7972434,113.25,264.2470544,113.2,263.6968654,113.15,263.1466764,113.1,262.5964874,113.05,262.0462984,113,261.4961095,112.95,260.9459205,112.9,260.3957315,112.85,259.8455425,112.8,259.2953535,112.75,258.7451645,112.7,258.1949755,112.65,257.6447865,112.6,257.0945975,112.55,256.5444086,112.5,255.9942196,112.45,255.4440306,112.4,254.8938416,112.35,254.3436526,112.3,253.7934636,112.25,253.2432746,112.2,252.6930856,112.15,252.1428966,112.1,251.5927076,112.05,251.0425187,112,250.4923297,111.95,249.9421407,111.9,249.3919517,111.85,248.8417627,111.8,248.2915737,111.75,247.7413847,111.7,247.1911957,111.65,246.6410067,111.6,246.0908177,111.55,245.5406288,111.5,244.9904398
7,0,116.45,299.4591498,116.4,298.9089608,116.35,298.3587718,116.3,297.8085828,116.25,297.2583938,116.2,296.7082048,116.15,296.1580158,116.1,295.6078268,116.05,295.0576378,116,294.5074489,115.95,293.9572599,115.9,293.4070709,115.85,292.8568819,115.8,292.3066929,115.75,291.7565039,115.7,291.2063149,115.65,290.6561259,115.6,290.1059369,115.55,289.5557479,115.5,289.005559,115.45,288.45537,115.4,287.905181,115.35,287.354992,115.3,286.804803,115.25,286.254614,115.2,285.704425,115.15,285.154236,115.1,284.604047,115.05,284.053858,115,283.5036691,114.95,282.9534801,114.9,282.4032911,114.85,281.8531021,114.8,281.3029131,114.75,280.7527241,114.7,280.2025351,114.65,279.6523461,114.6,279.1021571,114.55,278.5519681,114.5,278.0017792,114.45,277.4515902,114.4,276.9014012,114.35,276.3512122,114.3,275.8010232,114.25,275.2508342,114.2,274.7006452,114.15,274.1504562,114.1,273.6002672,114.05,273.0500782,114,272.4998893
7,0,118.95,326.9685993,118.9,326.4184103,118.85,325.8682213,118.8,325.3180323,118.75,324.7678433,118.7,324.2176543,118.65,323.6674653,118.6,323.1172763,118.55,322.5670873,118.5,322.0168983,118.45,321.4667094,118.4,320.9165204,118.35,320.3663314,118.3,319.8161424,118.25,319.2659534,118.2,318.7157644,118.15,318.1655754,118.1,317.6153864,118.05,317.0651974,118,316.5150085,117.95,315.9648195,117.9,315.4146305,117.85,314.8644415,117.8,314.3142525,117.75,313.7640635,117.7,313.2138745,117.65,312.6636855,117.6,312.1134965,117.55,311.5633075,117.5,311.0131186,117.45,310.4629296,117.4,309.9127406,117.35,309.3625516,117.3,308.8123626,117.25,308.2621736,117.2,307.7119846,117.15,307.1617956,117.1,306.6116066,117.05,306.0614176,117,305.5112287,116.95,304.9610397,116.9,304.4108507,116.85,303.8606617,116.8,303.3104727,116.75,302.7602837,116.7,302.2100947,116.65,301.6599057,116.6,301.1097167,116.55,300.5595277,116.5,300.0093388
7,0,121.44,354.4780487,121.39,353.9278598,121.34,353.3776708,121.29,352.8274818,121.24,352.2772928,121.19,351.7271038,121.14,351.1769148,121.09,350.6267258,121.04,350.0765368,120.99,349.5263478,120.94,348.9761589,120.89,348.4259699,120.84,347.8757809,120.79,347.3255919,120.74,346.7754029,120.69,346.2252139,120.64,345.6750249,120.59,345.1248359,120.54,344.5746469,120.49,344.0244579,120.44,343.474269,120.39,342.92408,120.34,342.373891,120.29,341.823702,120.24,341.273513,120.19,340.723324,120.14,340.173135,120.09,339.622946,120.04,339.072757,120,338.522568,119.95,337.9723791,119.9,337.4221901,119.85,336.8720011,119.8,336.3218121,119.75,335.7716231,119.7,335.2214341,119.65,334.6712451,119.6,334.1210561,119.55,333.5708671,119.5,333.0206781,119.45,332.4704892,119.4,331.9203002,119.35,331.3701112,119.3,330.8199222,119.25,330.2697332,119.2,329.7195442,119.15,329.1693552,119.1,328.6191662,119.05,328.0689772,119,327.5187882
7,0,123.94,381.9874982,123.89,381.4373093,123.84,380.8871203,123.79,380.3369313,123.74,379.7867423,123.69,379.2365533,123.64,378.6863643,123.59,378.1361753,123.54,377.5859863,123.49,377.0357973,123.44,376.4856084,123.39,375.9354194,123.34,375.3852304,123.29,374.8350414,123.24,374.2848524,123.19,373.7346634,123.14,373.1844744,123.09,372.6342854,123.04,372.0840964,122.99,371.5339074,122.94,370.9837184,122.89,370.4335295,122.84,369.8833405,122.79,369.3331515,122.74,368.7829625,122.69,368.2327735,122.64,367.6825845,122.59,367.1323955,122.54,366.5822065,122.49,366.0320175,122.44,365.4818285,122.39,364.9316396,122.34,364.3814506,122.29,363.8312616,122.24,363.2810726,122.19,362.7308836,122.14,362.1806946,122.09,361.6305056,122.04,361.0803166,121.99,360.5301276,121.94,359.9799387,121.89,359.4297497,121.84,358.8795607,121.79,358.3293717,121.74,357.7791827,121.69,357.2289937,121.64,356.6788047,121.59,356.1286157,121.54,355.5784267,121.49,355.0282377
8,1,629,444.5989295,628,437.0989295,627,432.8634924,626,430.2663725,625,428.7663725,624,426.3219634,623,424.1320791,622,422.2176466,621,420.7176466,620,419.4837238,619,418.4837238,618,417.3363571,617,414.8447431,616,413.8447431,615,412.8447431,614,411.8447431,613,407.5667818,612,406.5667818,611,405.5667818,610,404.2176466,609,402.6880018,608,400.6880018,607,399.2484138,606,398.5817471,605,397.9150805,604,396.4468821,603,394.9468821,602,393.4468821,601,392.2888205,600,391.2888205,599,389.8380092,598,387.2439245,597,385.2439245,596,383.8191255,595,382.5691255,594,381.3191255,593,379.8653866,592,378.1987199,591,376.5523881,590,375.5523881,589,374.5523881,588,373.4379819,587,372.2379819,586,371.0379819,585,369.8379819,584,368.495608,583,366.995608,582,365.6348745,581,364.3015411,580,362.9053532
8,1,579,361.4053532,578,360.2744268,577,359.2744268,576,358.1345887,575,356.6345887,574,355.4549364,573,354.4549364,572,353.3638242,571,351.8638242,570,350.9976087,569,350.6642753,568,350.2744268,567,349.2744268,566,348.2744268,565,347.2744268,564,344.6608038,563,344.2936602,562,343.9603269,561,343.0100017,560,341.5100017,559,340.0100017,558,338.6981683,557,337.9481683,556,337.1981683,555,336.4481683,554,334.9684727,553,333.7467617,552,333.080095,551,332.4134283,550,331.7467617,549,331.080095,548,329.4404172,547,328.0835819,546,327.8335819,545,327.5835819,544,327.2004348,543,326.5337681,542,325.8671015,541,324.9134074,540,323.9134074,539,323.0476111,538,322.3809445,537,321.7142778,536,321.0476111,535,320.3809445,534,319.5523881,533,318.5523881,532,317.5523881,531,316.5523881,530,315.5523881
8,1,529,314.9315395,528,314.5982061,527,314.1362408,526,312.6362408,525,311.686062,524,311.3527287,523,310.9980548,522,308.9980548,521,307.6210942,520,307.2877609,519,306.9544276,518,306.2396973,517,305.4896973,516,304.7396973,515,304.4677408,514,304.4677408,513,304.4677408,512,304.1083108,511,303.1083108,510,302.1083108,509,301.78403,508,301.53403,507,301.28403,506,300.7744477,505,300.107781,504,299.4685354,503,298.9685354,502,298.4685354,501,297.9685354,500,297.4685354,499,296.9272713,498,296.2606047,497,295.593938,496,295.2560687,495,295.0060687,494,294.7560687,493,294.2930886,492,293.6264219,491,292.9685354,490,292.4685354,489,291.9685354,488,291.4685354,487,290.7748555,486,290.0248555,485,289.2748555,484,288.566252,483,287.8995854,482,287.2201562,481,286.2201562,480,285.2201562
9,1,629.5,387.1897167,629,386.6897167,628.5,386.1897167,628,385.6897167,627.5,385.1897167,627,384.6603577,626.5,383.993691,626,383.3270243,625.5,382.6603577,625,381.993691,624.5,381.3702263,624,380.8702263,623.5,380.3702263,623,379.8702263,622.5,379.3702263,622,378.8274426,621.5,378.2024426,621,377.5774426,620.5,376.9524426,620,376.3274426,619.5,375.7024426,619,375.0774426,618.5,374.550736,618,374.050736,617.5,373.550736,617,373.050736,616.5,372.550736,616,371.8333847,615.5,371.0833847,615,370.3333847,614.5,369.7312457,614,369.2312457,613.5,368.7312457,613,368.2312457,612.5,367.7312457,612,367.4560797,611.5,367.289413,611,367.1227463,610.5,366.9560797,610,366.789413,609.5,366.1808363,609,365.4308363,608.5,364.6808363,608,363.8109367,607.5,362.8109367,607,361.8109367,606.5,360.9789678,606,360.8123011,605.5,360.6456344,605,360.4789678
9,1,604.5,360.3123011,604,360.0981852,603.5,359.7648519,603,359.4315185,602.5,359.0981852,602,358.7648519,601.5,358.4315185,601,358.0981852,600.5,357.7648519,600,357.4315185,599.5,357.0981852,599,356.8587709,598.5,356.7337709,598,356.6087709,597.5,356.4837709,597,356.3587709,596.5,356.2337709,596,356.1087709,595.5,355.4244655,595,354.6744655,594.5,353.9244655,594,353.4315185,593.5,353.0981852,593,352.7648519,592.5,352.4315185,592,352.0981852,591.5,351.7648519,591,351.4315185,590.5,351.0981852,590,350.7648519,589.5,350.4315185,589,350.2613192,588.5,350.1363192,588,350.0113192,587.5,349.8863192,587,349.7613192,586.5,349.6363192,586,349.3882956,585.5,348.7216289,585,348.0549623,584.5,347.3882956,584,346.7216289,583.5,346.145431,583,345.770431,582.5,345.395431,582,345.020431,581.5,344.645431,581,344.270431,580.5,343.895431,580,343.5518583
9,1,579.5,343.218525,579,342.8851917,578.5,342.5518583,578,342.218525,577.5,341.6060871,577,340.9394204,576.5,340.2727537,576,339.6060871,575.5,338.9394204,575,338.5795443,574.5,338.246211,574,337.9128776,573.5,337.5795443,573,337.246211,572.5,336.9128776,572,336.5795443,571.5,336.246211,571,335.9128776,570.5,335.5795443,570,335.246211,569.5,334.9128776,569,334.5795443,568.5,334.246211,568,333.88462,567.5,333.38462,567,332.88462,566.5,332.38462,566,331.88462,565.5,331.38462,565,330.88462,564.5,330.2312143,564,329.4812143,563.5,328.7312143,563,328.1070874,562.5,327.7320874,562,327.3570874,561.5,326.9820874,561,326.6070874,560.5,326.2320874,560,325.8570874,559.5,325.38462,559,324.88462,558.5,324.38462,558,323.88462,557.5,323.38462,557,322.88462,556.5,322.38462,556,321.88462,555.5,321.5795652,555,321.4128986
9,1,554.5,321.2462319,554,321.0795652,553.5,320.9128986,553,320.6070874,552.5,320.2320874,552,319.8570874,551.5,319.4820874,551,319.1070874,550.5,318.7320874,550,318.343091,549.5,317.843091,549,317.343091,548.5,316.843091,548,316.343091,547.5,315.8755959,547,315.5422625,546.5,315.2089292,546,314.8755959,545.5,314.5422625,545,314.1857553,544.5,313.7690886,544,313.3524219,543.5,312.9357553,543,312.5190886,542.5,312.1024219,542,311.6857553,541.5,311.2690886,541,310.8524219,540.5,310.4357553,540,309.871021,539.5,309.121021,539,308.371021,538.5,307.7179952,538,307.5513285,537.5,307.3846619,537,307.2179952,536.5,307.0513285,536,306.843112,535.5,306.5097786,535,306.1764453,534.5,305.843112,534,305.5097786,533.5,305.2456864,533,305.1206864,532.5,304.9956864,532,304.8706864,531.5,304.7456864,531,304.6206864,530.5,304.4956864,530,303.8854147
9,1,529.5,303.1354147,529,302.3854147,528.5,301.9469606,528,301.8219606,527.5,301.6969606,527,301.5719606,526.5,301.4469606,526,301.3219606,525.5,301.1969606,525,301.0326876,524.5,300.866021,524,300.6993543,523.5,300.5326876,523,300.366021,522.5,300.1993543,522,300.0326876,521.5,299.866021,521,299.6993543,520.5,299.5326876,520,299.366021,519.5,299.1993543,519,299.0326876,518.5,298.866021,518,298.6993543,517.5,298.5326876,517,298.366021,516.5,298.1993543,516,298.0326876,515.5,297.9118181,515,297.9118181,514.5,297.9118181,514,297.9118181,513.5,297.9118181,513,297.9118181,512.5,297.9118181,512,297.7920081,511.5,297.6253414,511,297.4586748,510.5,297.2920081,510,297.1253414,509.5,296.6913688,509,296.1913688,508.5,295.6913688,508,295.1913688,507.5,294.6913688,507,294.6338567,506.5,294.6338567,506,294.6338567,505.5,294.6338567,505,294.6338567
9,1,504.5,294.6338567,504,294.3870668,503.5,293.6370668,503,292.8870668,502.5,292.1626128,502,291.9126128,501.5,291.6626128,501,291.4126128,500.5,291.1626128,500,290.9126128,499.5,290.6626128,499,290.4126128,498.5,290.1626128,498,289.9126128,497.5,289.6626128,497,289.4126128,496.5,289.1626128,496,288.9126128,495.5,288.7408833,495,288.5742166,494.5,288.40755,494,288.2408833,493.5,288.075146,493,287.950146,492.5,287.825146,492,287.700146,491.5,287.575146,491,287.450146,490.5,287.325146,490,287.2118055,489.5,287.1118055,489,287.0118055,488.5,286.9118055,488,286.8118055,487.5,286.7118055,487,286.6118055,486.5,286.5118055,486,286.3484606,485.5,286.0151272,485,285.6817939,484.5,285.3484606,484,285.0151272,483.5,284.7999727,483,284.7999727,482.5,284.7999727,482,284.7999727,481.5,284.7999727,481,284.7999727,480.5,284.7999727,480,284.7999727
10,1,480,267.8827375,480.5,268.017096,481,268.1514544,481.5,268.2858129,482,268.4201714,482.5,268.5545299,483,268.6888883,483.5,268.8232468,484,268.9576053,484.5,269.0919637,485,269.2263222,485.5,269.3606807,486,269.4950392,486.5,269.6293976,487,269.7637561,487.5,269.8981146,488,270.032473,488.5,270.1668315,489,270.30119,489.5,270.4355484,490,270.5699069,490.5,270.7042654,491,270.8386239,491.5,270.9729823,492,271.1073408,492.5,271.2416993,493,271.3760577,493.5,271.5104162,494,271.6447747,494.5,271.7791332,495,271.9134916,495.5,272.0478501,496,272.1822086,496.5,272.316567,497,272.4509255,497.5,272.585284,498,272.7196425,498.5,272.8540009,499,272.9883594,499.5,273.1227179,500,273.2570763,500.5,273.3914348,501,273.5257933,501.5,273.6601518,502,273.7945102,502.5,273.9288687,503,274.0632272,503.5,274.1975856,504,274.3319441,504.5,274.4663026
10,1,505,274.6006611,505.5,274.7350195,506,274.869378,506.5,275.0037365,507,275.1380949,507.5,275.2724534,508,275.4068119,508.5,275.5411703,509,275.6755288,509.5,275.8098873,510,275.9442458,510.5,276.0786042,511,276.2129627,511.5,276.3473212,512,276.4816796,512.5,276.6160381,513,276.7503966,513.5,276.8847551,514,277.0191135,514.5,277.153472,515,277.2878305,515.5,277.4221889,516,277.5565474,516.5,277.6909059,517,277.8252644,517.5,277.9596228,518,278.0939813,518.5,278.2283398,519,278.3626982,519.5,278.4970567,520,278.6314152,520.5,278.7657737,521,278.9001321,521.5,279.0344906,522,279.1688491,522.5,279.3032075,523,279.437566,523.5,279.5719245,524,279.706283,524.5,279.8406414,525,279.9749999,525.5,280.1093584,526,280.2437168,526.5,280.3780753,527,280.5124338,527.5,280.6467922,528,280.7811507,528.5,280.9155092,529,281.0498677,529.5,281.1842261
10,1,530,281.3185846,530.5,281.4529431,531,281.5873015,531.5,281.72166,532,281.8560185,532.5,281.990377,533,282.1247354,533.5,282.2590939,534,282.3934524,534.5,282.5278108,535,282.6621693,535.5,282.7965278,536,282.9308863,536.5,283.0652447,537,283.1996032,537.5,283.3339617,538,283.4683201,538.5,283.6026786,539,283.7370371,539.5,283.8713956,540,284.005754,540.5,284.1401125,541,284.274471,541.5,284.4088294,542,284.5431879,542.5,284.6775464,543,284.8119049,543.5,284.9462633,544,285.0806218,544.5,285.2149803,545,285.3493387,545.5,285.4836972,546,285.6180557,546.5,285.7524141,547,285.8867726,547.5,286.0211311,548,286.1554896,548.5,286.289848,549,286.4242065,549.5,286.558565,550,286.6929234,550.5,286.8272819,551,286.9616404,551.5,287.0959989,552,287.2303573,552.5,287.3647158,553,287.4990743,553.5,287.6334327,554,287.7677912,554.5,287.9021497
10,1,555,288.0365082,555.5,288.1708666,556,288.3052251,556.5,288.4395836,557,288.573942,557.5,288.7083005,558,288.842659,558.5,288.9770175,559,289.1113759,559.5,289.2457344,560,289.3800929,560.5,289.5144513,561,289.6488098,561.5,289.7831683,562,289.9175268,562.5,290.0518852,563,290.1862437,563.5,290.3206022,564,290.4549606,564.5,290.5893191,565,290.7236776,565.5,290.858036,566,290.9923945,566.5,291.126753,567,291.2611115,567.5,291.3954699,568,291.5298284,568.5,291.6641869,569,291.7985453,569.5,291.9329038,570,292.0672623,570.5,292.2016208,571,292.3359792,571.5,292.4703377,572,292.6046962,572.5,292.7390546,573,292.8734131,573.5,293.0077716,574,293.1421301,574.5,293.2764885,575,293.410847,575.5,293.5452055,576,293.6795639,576.5,293.8139224,577,293.9482809,577.5,294.0826394,578,294.2169978,578.5,294.3513563,579,294.4857148,579.5,294.6200732
10,1,580,294.7544317,580.5,294.8887902,581,295.0231487,581.5,295.1575071,582,295.2918656,582.5,295.4262241,583,295.5605825,583.5,295.694941,584,295.8292995,584.5,295.9636579,585,296.0980164,585.5,296.2323749,586,296.3667334,586.5,296.5010918,587,296.6354503,587.5,296.7698088,588,296.9041672,588.5,297.0385257,589,297.1728842,589.5,297.3072427,590,297.4416011,590.5,297.5759596,591,297.7103181,591.5,297.8446765,592,297.979035,592.5,298.1133935,593,298.247752,593.5,298.3821104,594,298.5164689,594.5,298.6508274,595,298.7851858,595.5,298.9195443,596,299.0539028,596.5,299.1882613,597,299.3226197,597.5,299.4569782,598,299.5913367,598.5,299.7256951,599,299.8600536,599.5,299.9944121,600,300.1287706,600.5,300.263129,601,300.3974875,601.5,300.531846,602,300.6662044,602.5,300.8005629,603,300.9349214,603.5,301.0692798,604,301.2036383,604.5,301.3379968
10,1,605,301.4723553,605.5,301.6067137,606,301.7410722,606.5,301.8754307,607,302.0097891,607.5,302.1441476,608,302.2785061,608.5,302.4128646,609,302.547223,609.5,302.6815815,610,302.81594,610.5,302.9502984,611,303.0846569,611.5,303.2190154,612,303.3533739,612.5,303.4877323,613,303.6220908,613.5,303.7564493,614,303.8908077,614.5,304.0251662,615,304.1595247,615.5,304.2938832,616,304.4282416,616.5,304.5626001,617,304.6969586,617.5,304.831317,618,304.9656755,618.5,305.100034,619,305.2343925,619.5,305.3687509,620,305.5031094,620.5,305.6374679,621,305.7718263,621.5,305.9061848,622,306.0405433,622.5,306.1749017,623,306.3092602,623.5,306.4436187,624,306.5779772,624.5,306.7123356,625,306.8466941,625.5,306.9810526,626,307.115411,626.5,307.2497695,627,307.384128,627.5,307.5184865,628,307.6528449,628.5,307.7872034,629,307.9215619,629.5,308.0559203
11,1,500,273.2570763,502.5,273.9288687,505,274.6006611,507.5,275.2724534,510,275.9442458,512.5,276.6160381,515,277.2878305,517.5,277.9596228,520,278.6314152,522.5,279.3032075,525,279.9749999,527.5,280.6467922,530,281.3185846,532.5,281.990377,535,282.6621693,537.5,283.3339617,540,284.005754,542.5,284.6775464,545,285.3493387,547.5,286.0211311,550,286.6929234,552.5,287.3647158,555,288.0365082,557.5,288.7083005,560,289.3800929,562.5,290.0518852,565,290.7236776,567.5,291.3954699,570,292.0672623,572.5,292.7390546,575,293.410847,577.5,294.0826394,580,294.7544317,582.5,295.4262241,585,296.0980164,587.5,296.7698088,590,297.4416011,592.5,298.1133935,595,298.7851858,597.5,299.4569782,600,300.1287706,602.5,300.8005629,605,301.4723553,607.5,302.1441476,610,302.81594,612.5,303.4877323,615,304.1595247,617.5,304.831317,620,305.5031094,622.5,306.1749017
11,1,625,306.8466941,627.5,307.5184865,630,308.1902788,632.5,308.8620712,635,309.5338635,637.5,310.2056559,640,310.8774482,642.5,311.5492406,645,312.2210329,647.5,312.8928253,650,313.5646177,652.5,314.23641,655,314.9082024,657.5,315.5799947,660,316.2517871,662.5,316.9235794,665,317.5953718,667.5,318.2671641,670,318.9389565,672.5,319.6107489,675,320.2825412,677.5,320.9543336,680,321.6261259,682.5,322.2979183,685,322.9697106,687.5,323.641503,690,324.3132953,692.5,324.9850877,695,325.6568801,697.5,326.3286724,700,327.0004648,702.5,327.6722571,705,328.3440495,707.5,329.0158418,710,329.6876342,712.5,330.3594265,715,331.0312189,717.5,331.7030112,720,332.3748036,722.5,333.046596,725,333.7183883,727.5,334.3901807,730,335.061973,732.5,335.7337654,735,336.4055577,737.5,337.0773501,740,337.7491424,742.5,338.4209348,745,339.0927272,747.5,339.7645195
12,1,400,259.6464733,399,259.1371707,398,258.6278681,397,258.1185654,396,257.6092628,395,257.0999602,394,256.5906575,393,256.0813549,392,255.5720523,391,255.0627496,390,254.553447,389,254.0441443,388,253.5348417,387,253.0255391,386,252.5162364,385,252.0069338,384,251.4976312,383,250.9883285,382,250.4790259,381,249.9697233,380,249.4604206,379,248.951118,378,248.4418154,377,247.9325127,376,247.4232101,375,246.9139075,374,246.4046048,373,245.8953022,372,245.3859995,371,244.8766969,370,244.3673943,369,243.8580916,368,243.348789,367,242.8394864,366,242.3301837,365,241.8208811,364,241.3115785,363,240.8022758,362,240.2929732,361,239.7836706,360,239.2743679,359,238.7650653,358,238.2557626,357,237.74646,356,237.2371574,355,236.7278547,354,236.2185521,353,235.7092495,352,235.1999468,351,234.6906442
12,1,350,234.1813416,349,233.6720389,348,233.1627363,347,232.6534337,346,232.144131,345,231.6348284,344,231.1255257,343,230.6162231,342,230.1069205,341,229.5976178,340,229.0883152,339,228.5790126,338,228.0697099,337,227.5604073,336,227.0511047,335,226.541802,334,226.0324994,333,225.5231968,332,225.0138941,331,224.5045915,330,223.9952888,329,223.4859862,328,222.9766836,327,222.4673809,326,221.9580783,325,221.4487757,324,220.939473,323,220.4301704,322,219.9208678,321,219.4115651,320,218.9022625,319,218.3929599,318,217.8836572,317,217.3743546,316,216.8650519,315,216.3557493,314,215.8464467,313,215.337144,312,214.8278414,311,214.3185388,310,213.8092361,309,213.2999335,308,212.7906309,307,212.2813282,306,211.7720256,305,211.262723,304,210.7534203,303,210.2441177,302,209.734815,301,209.2255124
12,1,300,208.7162098,299,208.2069071,298,207.6976045,297,207.1883019,296,206.6789992,295,206.1696966,294,205.660394,293,205.1510913,292,204.6417887,291,204.1324861,290,203.6231834,289,203.1138808,288,202.6045781,287,202.0952755,286,201.5859729,285,201.0766702,284,200.5673676,283,200.058065,282,199.5487623,281,199.0394597,280,198.5301571,279,198.0208544,278,197.5115518,277,197.0022492,276,196.4929465,275,195.9836439,274,195.4743413,273,194.9650386,272,194.455736,271,193.9464333,270,193.4371307,269,192.9278281,268,192.4185254,267,191.9092228,266,191.3999202,265,190.8906175,264,190.3813149,263,189.8720123,262,189.3627096,261,188.853407,260,188.3441044,259,187.8348017,258,187.3254991,257,186.8161964,256,186.3068938,255,185.7975912,254,185.2882885,253,184.7789859,252,184.2696833,251,183.7603806
13,1,300,204.2109164,301,204.5662499,302,204.9215833,303,205.2769168,304,205.6322503,305,205.9875837,306,206.3429172,307,206.6982506,308,207.0535841,309,207.4089176,310,207.764251,311,208.1195845,312,208.4749179,313,208.8302514,314,209.1855849,315,209.5409183,316,209.8962518,317,210.2515852,318,210.6069187,319,210.9622521,320,211.3175856,321,211.6729191,322,212.0282525,323,212.383586,324,212.7389194,325,213.0942529,326,213.4495864,327,213.8049198,328,214.1602533,329,214.5155867,330,214.8709202,331,215.2262537,332,215.5815871,333,215.9369206,334,216.292254,335,216.6475875,336,217.002921,337,217.3582544,338,217.7135879,339,218.0689213,340,218.4242548,341,218.7795882,342,219.1349217,343,219.4902552,344,219.8455886,345,220.2009221,346,220.5562555,347,220.911589,348,221.2669225,349,221.6222559
13,1,350,221.9775894,351,222.3329228,352,222.6882563,353,223.0435898,354,223.3989232,355,223.7542567,356,224.1095901,357,224.4649236,358,224.8202571,359,225.1755905,360,225.530924,361,225.8862574,362,226.2415909,363,226.5969243,364,226.9522578,365,227.3075913,366,227.6629247,367,228.0182582,368,228.3735916,369,228.7289251,370,229.0842586,371,229.439592,372,229.7949255,373,230.1502589,374,230.5055924,375,230.8609259,376,231.2162593,377,231.5715928,378,231.9269262,379,232.2822597,380,232.6375932,381,232.9929266,382,233.3482601,383,233.7035935,384,234.058927,385,234.4142604,386,234.7695939,387,235.1249274,388,235.4802608,389,235.8355943,390,236.1909277,391,236.5462612,392,236.9015947,393,237.2569281,394,237.6122616,395,237.967595,396,238.3229285,397,238.678262,398,239.0335954,399,239.3889289
13,1,400,239.7442623,401,240.0995958,402,240.4549293,403,240.8102627,404,241.1655962,405,241.5209296,406,241.8762631,407,242.2315966,408,242.58693,409,242.9422635,410,243.2975969,411,243.6529304,412,244.0082638,413,244.3635973,414,244.7189308,415,245.0742642,416,245.4295977,417,245.7849311,418,246.1402646,419,246.4955981,420,246.8509315,421,247.206265,422,247.5615984,423,247.9169319,424,248.2722654,425,248.6275988,426,248.9829323,427,249.3382657,428,249.6935992,429,250.0489327,430,250.4042661,431,250.7595996,432,251.114933,433,251.4702665,434,251.8255999,435,252.1809334,436,252.5362669,437,252.8916003,438,253.2469338,439,253.6022672,440,253.9576007,441,254.3129342,442,254.6682676,443,255.0236011,444,255.3789345,445,255.734268,446,256.0896015,447,256.4449349,448,256.8002684,449,257.1556018
13,1,450,257.5109353,451,257.8662688,452,258.2216022,453,258.5769357,454,258.9322691,455,259.2876026,456,259.642936,457,259.9982695,458,260.353603,459,260.7089364,460,261.0642699,461,261.4196033,462,261.7749368,463,262.1302703,464,262.4856037,465,262.8409372,466,263.1962706,467,263.5516041,468,263.9069376,469,264.262271,470,264.6176045,471,264.9729379,472,265.3282714,473,265.6836049,474,266.0389383,475,266.3942718,476,266.7496052,477,267.1049387,478,267.4602721,479,267.8156056,480,268.1709391,481,268.5262725,482,268.881606,483,269.2369394,484,269.5922729,485,269.9476064,486,270.3029398,487,270.6582733,488,271.0136067,489,271.3689402,490,271.7242737,491,272.0796071,492,272.4349406,493,272.790274,494,273.1456075,495,273.500941,496,273.8562744,497,274.2116079,498,274.5669413,499,274.9222748
14,2,300,194.2109164,301,194.5662499,302,194.9215833,303,195.2769168,304,195.6322503,305,195.9875837,306,196.3429172,307,196.6982506,308,197.0535841,309,197.4089176,310,197.764251,311,198.1195845,312,198.4749179,313,198.8302514,314,199.1855849,315,199.5409183,316,199.8962518,317,200.2515852,318,200.6069187,319,200.9622521,320,201.3175856,321,201.6729191,322,202.0282525,323,202.383586,324,202.7389194,325,203.0942529,326,203.4495864,327,203.8049198,328,204.1602533,329,204.5155867,330,204.8709202,331,205.2262537,332,205.5815871,333,205.9369206,334,206.292254,335,206.6475875,336,207.002921,337,207.3582544,338,207.7135879,339,208.0689213,340,208.4242548,341,208.7795882,342,209.1349217,343,209.4902552,344,209.8455886,345,210.2009221,346,210.5562555,347,210.911589,348,211.2669225,349,211.6222559
14,2,350,211.9775894,351,212.3329228,352,212.6882563,353,213.0435898,354,213.3989232,355,213.7542567,356,214.1095901,357,214.4649236,358,214.8202571,359,215.1755905,360,215.530924,361,215.8862574,362,216.2415909,363,216.5969243,364,216.9522578,365,217.3075913,366,217.6629247,367,218.0182582,368,218.3735916,369,218.7289251,370,219.0842586,371,219.439592,372,219.7949255,373,220.1502589,374,220.5055924,375,220.8609259,376,221.2162593,377,221.5715928,378,221.9269262,379,222.2822597,380,222.6375932,381,222.9929266,382,223.3482601,383,223.7035935,384,224.058927,385,224.4142604,386,224.7695939,387,225.1249274,388,225.4802608,389,225.8355943,390,226.1909277,391,226.5462612,392,226.9015947,393,227.2569281,394,227.6122616,395,227.967595,396,228.3229285,397,228.678262,398,229.0335954,399,229.3889289
14,2,400,229.7442623,401,230.0995958,402,230.4549293,403,230.8102627,404,231.1655962,405,231.5209296,406,231.8762631,407,232.2315966,408,232.58693,409,232.9422635,410,233.2975969,411,233.6529304,412,234.0082638,413,234.3635973,414,234.7189308,415,235.0742642,416,235.4295977,417,235.7849311,418,236.1402646,419,236.4955981,420,236.8509315,421,237.206265,422,237.5615984,423,237.9169319,424,238.2722654,425,238.6275988,426,238.9829323,427,239.3382657,428,239.6935992,429,240.0489327,430,240.4042661,431,240.7595996,432,241.114933,433,241.4702665,434,241.8255999,435,242.1809334,436,242.5362669,437,242.8916003,438,243.2469338,439,243.6022672,440,243.9576007,441,244.3129342,442,244.6682676,443,245.0236011,444,245.3789345,445,245.734268,446,246.0896015,447,246.4449349,448,246.8002684,449,247.1556018
14,2,450,247.5109353,451,247.8662688,452,248.2216022,453,248.5769357,454,248.9322691,455,249.2876026,456,249.642936,457,249.9982695,458,250.353603,459,250.7089364,460,251.0642699,461,251.4196033,462,251.7749368,463,252.1302703,464,252.4856037,465,252.8409372,466,253.1962706,467,253.5516041,468,253.9069376,469,254.262271,470,254.6176045,471,254.9729379,472,255.3282714,473,255.6836049,474,256.0389383,475,256.3942718,476,256.7496052,477,257.1049387,478,257.4602721,479,257.8156056,480,258.1709391,481,258.5262725,482,258.881606,483,259.2369394,484,259.5922729,485,259.9476064,486,260.3029398,487,260.6582733,488,261.0136067,489,261.3689402,490,261.7242737,491,262.0796071,492,262.4349406,493,262.790274,494,263.1456075,495,263.500941,496,263.8562744,497,264.2116079,498,264.5669413,499,264.9222748
15,2,500,268.2570763,500.5,268.3914348,501,268.5257933,501.5,268.6601518,502,268.7945102,502.5,268.9288687,503,269.0632272,503.5,269.1975856,504,269.3319441,504.5,269.4663026,505,269.6006611,505.5,269.7350195,506,269.869378,506.5,270.0037365,507,270.1380949,507.5,270.2724534,508,270.4068119,508.5,270.5411703,509,270.6755288,509.5,270.8098873,510,270.9442458,510.5,271.0786042,511,271.2129627,511.5,271.3473212,512,271.4816796,512.5,271.6160381,513,271.7503966,513.5,271.8847551,514,272.0191135,514.5,272.153472,515,272.2878305,515.5,272.4221889,516,272.5565474,516.5,272.6909059,517,272.8252644,517.5,272.9596228,518,273.0939813,518.5,273.2283398,519,273.3626982,519.5,273.4970567,520,273.6314152,520.5,273.7657737,521,273.9001321,521.5,274.0344906,522,274.1688491,522.5,274.3032075,523,274.437566,523.5,274.5719245,524,274.706283,524.5,274.8406414
15,2,525,274.9749999,525.5,275.1093584,526,275.2437168,526.5,275.3780753,527,275.5124338,527.5,275.6467922,528,275.7811507,528.5,275.9155092,529,276.0498677,529.5,276.1842261,530,276.3185846,530.5,276.4529431,531,276.5873015,531.5,276.72166,532,276.8560185,532.5,276.990377,533,277.1247354,533.5,277.2590939,534,277.3934524,534.5,277.5278108,535,277.6621693,535.5,277.7965278,536,277.9308863,536.5,278.0652447,537,278.1996032,537.5,278.3339617,538,278.4683201,538.5,278.6026786,539,278.7370371,539.5,278.8713956,540,279.005754,540.5,279.1401125,541,279.274471,541.5,279.4088294,542,279.5431879,542.5,279.6775464,543,279.8119049,543.5,279.9462633,544,280.0806218,544.5,280.2149803,545,280.3493387,545.5,280.4836972,546,280.6180557,546.5,280.7524141,547,280.8867726,547.5,281.0211311,548,281.1554896,548.5,281.289848,549,281.4242065,549.5,281.558565
15,2,550,281.6929234,550.5,281.8272819,551,281.9616404,551.5,282.0959989,552,282.2303573,552.5,282.3647158,553,282.4990743,553.5,282.6334327,554,282.7677912,554.5,282.9021497,555,283.0365082,555.5,283.1708666,556,283.3052251,556.5,283.4395836,557,283.573942,557.5,283.7083005,558,283.842659,558.5,283.9770175,559,284.1113759,559.5,284.2457344,560,284.3800929,560.5,284.5144513,561,284.6488098,561.5,284.7831683,562,284.9175268,562.5,285.0518852,563,285.1862437,563.5,285.3206022,564,285.4549606,564.5,285.5893191,565,285.7236776,565.5,285.858036,566,285.9923945,566.5,286.126753,567,286.2611115,567.5,286.3954699,568,286.5298284,568.5,286.6641869,569,286.7985453,569.5,286.9329038,570,287.0672623,570.5,287.2016208,571,287.3359792,571.5,287.4703377,572,287.6046962,572.5,287.7390546,573,287.8734131,573.5,288.0077716,574,288.1421301,574.5,288.2764885
15,2,575,288.410847,575.5,288.5452055,576,288.6795639,576.5,288.8139224,577,288.9482809,577.5,289.0826394,578,289.2169978,578.5,289.3513563,579,289.4857148,579.5,289.6200732,580,289.7544317,580.5,289.8887902,581,290.0231487,581.5,290.1575071,582,290.2918656,582.5,290.4262241,583,290.5605825,583.5,290.694941,584,290.8292995,584.5,290.9636579,585,291.0980164,585.5,291.2323749,586,291.3667334,586.5,291.5010918,587,291.6354503,587.5,291.7698088,588,291.9041672,588.5,292.0385257,589,292.1728842,589.5,292.3072427,590,292.4416011,590.5,292.5759596,591,292.7103181,591.5,292.8446765,592,292.979035,592.5,293.1133935,593,293.247752,593.5,293.3821104,594,293.5164689,594.5,293.6508274,595,293.7851858,595.5,293.9195443,596,294.0539028,596.5,294.1882613,597,294.3226197,597.5,294.4569782,598,294.5913367,598.5,294.7256951,599,294.8600536,599.5,294.9944121
15,2,600,295.1287706,600.5,295.263129,601,295.3974875,601.5,295.531846,602,295.6662044,602.5,295.8005629,603,295.9349214,603.5,296.0692798,604,296.2036383,604.5,296.3379968,605,296.4723553,605.5,296.6067137,606,296.7410722,606.5,296.8754307,607,297.0097891,607.5,297.1441476,608,297.2785061,608.5,297.4128646,609,297.547223,609.5,297.6815815,610,297.81594,610.5,297.9502984,611,298.0846569,611.5,298.2190154,612,298.3533739,612.5,298.4877323,613,298.6220908,613.5,298.7564493,614,298.8908077,614.5,299.0251662,615,299.1595247,615.5,299.2938832,616,299.4282416,616.5,299.5626001,617,299.6969586,617.5,299.831317,618,299.9656755,618.5,300.100034,619,300.2343925,619.5,300.3687509,620,300.5031094,620.5,300.6374679,621,300.7718263,621.5,300.9061848,622,301.0405433,622.5,301.1749017,623,301.3092602,623.5,301.4436187,624,301.5779772,624.5,301.7123356
15,2,625,301.8466941,625.5,301.9810526,626,302.115411,626.5,302.2497695,627,302.384128,627.5,302.5184865,628,302.6528449,628.5,302.7872034,629,302.9215619,629.5,303.0559203,630,303.1902788,630.5,303.3246373,631,303.4589958,631.5,303.5933542,632,303.7277127,632.5,303.8620712,633,303.9964296,633.5,304.1307881,634,304.2651466,634.5,304.3995051,635,304.5338635,635.5,304.668222,636,304.8025805,636.5,304.9369389,637,305.0712974,637.5,305.2056559,638,305.3400144,638.5,305.4743728,639,305.6087313,639.5,305.7430898,640,305.8774482,640.5,306.0118067,641,306.1461652,641.5,306.2805236,642,306.4148821,642.5,306.5492406,643,306.6835991,643.5,306.8179575,644,306.952316,644.5,307.0866745,645,307.2210329,645.5,307.3553914,646,307.4897499,646.5,307.6241084,647,307.7584668,647.5,307.8928253,648,308.0271838,648.5,308.1615422,649,308.2959007,649.5,308.4302592
15,2,650,308.5646177,650.5,308.6989761,651,308.8333346,651.5,308.9676931,652,309.1020515,652.5,309.23641,653,309.3707685,653.5,309.505127,654,309.6394854,654.5,309.7738439,655,309.9082024,655.5,310.0425608,656,310.1769193,656.5,310.3112778,657,310.4456363,657.5,310.5799947,658,310.7143532,658.5,310.8487117,659,310.9830701,659.5,311.1174286,660,311.2517871,660.5,311.3861455,661,311.520504,661.5,311.6548625,662,311.789221,662.5,311.9235794,663,312.0579379,663.5,312.1922964,664,312.3266548,664.5,312.4610133,665,312.5953718,665.5,312.7297303,666,312.8640887,666.5,312.9984472,667,313.1328057,667.5,313.2671641,668,313.4015226,668.5,313.5358811,669,313.6702396,669.5,313.804598,670,313.9389565,670.5,314.073315,671,314.2076734,671.5,314.3420319,672,314.4763904,672.5,314.6107489,673,314.7451073,673.5,314.8794658,674,315.0138243,674.5,315.1481827
16,2,570,396.5269049,569.25,395.7769049,568.5,395.0269049,567.75,393.2725864,567,391.0684339,566.25,390.3184339,565.5,389.5684339,564.75,388.8184339,564,388.0684339,563.25,387.3184339,562.5,384.5649414,561.75,382.4624522,561,380.5874522,560.25,379.5546118,559.5,379.0546118,558.75,378.5546118,558,378.0546118,557.25,377.5546118,556.5,377.0546118,555.75,376.5192637,555,375.3942637,554.25,374.2692637,553.5,373.2531699,552.75,372.2531699,552,371.2531699,551.25,370.1790088,550.5,369.0540088,549.75,367.9290088,549,366.8040088,548.25,365.6790088,547.5,364.5540088,546.75,363.4290088,546,362.3040088,545.25,361.1790088,544.5,358.4564003,543.75,357.3549106,543,356.8549106,542.25,356.3549106,541.5,355.0123857,540.75,353.0539775,540,351.5539775,539.25,349.7487553,538.5,346.8318761,537.75,344.6091368,537,343.8591368,536.25,343.1091368,535.5,342.3591368,534.75,341.4240837,534,340.4240837,533.25,339.4240837
16,2,532.5,337.8462697,531.75,335.5962697,531,333.5539775,530.25,332.0539775,529.5,330.6456135,528.75,330.1456135,528,329.6456135,527.25,329.1456135,526.5,328.4421948,525.75,327.6921948,525,326.9421948,524.25,326.3261232,523.5,325.8261232,522.75,325.3261232,522,324.8261232,521.25,324.3261232,520.5,323.8261232,519.75,323.3261232,519,323.0710708,518.25,322.8210708,517.5,322.5710708,516.75,322.1456135,516,321.6456135,515.25,321.1456135,514.5,320.7515805,513.75,320.5015805,513,320.2515805,512.25,319.9286272,511.5,319.1786272,510.75,318.4286272,510,317.6786272,509.25,316.9286272,508.5,316.1786272,507.75,315.4286272,507,314.9736192,506.25,314.7236192,505.5,314.4736192,504.75,314.2236192,504,313.9736192,503.25,313.7236192,502.5,313.4438156,501.75,312.3188156,501,311.1938156,500.25,310.1749098,499.5,309.1749098,498.75,308.1749098,498,307.603004,497.25,307.353004,496.5,307.103004,495.75,306.7065885
16,2,495,305.9565885,494.25,305.2065885,493.5,304.4603059,492.75,303.9603059,492,303.4603059,491.25,302.9603059,490.5,302.4603059,489.75,301.9603059,489,301.4603059,488.25,300.9603059,487.5,300.4603059,486.75,299.9603059,486,299.5055523,485.25,299.2555523,484.5,299.0055523,483.75,298.7555523,483,298.5055523,482.25,298.2555523,481.5,298.0055523,480.75,297.9118181,480,297.9118181,479.25,297.9118181,478.5,297.9118181,477.75,297.8736509,477,297.7236509,476.25,297.5736509,475.5,297.4236509,474.75,297.2736509,474,297.1236509,473.25,296.894533,472.5,296.644533,471.75,296.394533,471,296.0162286,470.25,295.5162286,469.5,295.0162286,468.75,294.6338567,468,294.6338567,467.25,294.6338567,466.5,294.6338567,465.75,294.6338567,465,293.6611355,464.25,292.5361355,463.5,291.9206357,462.75,291.5456357,462,291.1706357,461.25,290.7956357,460.5,290.4592255,459.75,290.2092255,459,289.9592255,458.25,289.7053808
16,2,457.5,289.3303808,456.75,288.9553808,456,288.5803808,455.25,288.2053808,454.5,287.9789128,453.75,287.8289128,453,287.6789128,452.25,287.5289128,451.5,287.3789128,450.75,286.8154794,450,284.7804316,449.25,284.5929316,448.5,284.4054316,447.75,284.2179316,447,284.0304316,446.25,283.8429316,445.5,283.6554316,444.75,283.4679316,444,283.2804316,443.25,283.0248712,442.5,282.6498712,441.75,282.2748712,441,281.8998712,440.25,281.5248712,439.5,281.2739179,438.75,281.0239179,438,280.7739179,437.25,280.3453148,436.5,279.8453148,435.75,279.3453148,435,278.8180366,434.25,278.2555366,433.5,277.6930366,432.75,277.1305366,432,276.5721513,431.25,276.0721513,430.5,275.5721513,429.75,275.0721513,429,274.76912,428.25,274.51912,427.5,274.26912,426.75,274.01912,426,273.76912,425.25,273.51912,424.5,273.211132,423.75,272.711132,423,272.211132,422.25,271.711132,421.5,271.211132,420.75,270.711132
16,2,420,270.211132,419.25,269.8463379,418.5,269.5463379,417.75,269.2463379,417,268.9463379,416.25,268.6463379,415.5,268.3569759,414.75,268.1069759,414,267.8569759,413.25,267.6069759,412.5,267.1232761,411.75,266.6232761,411,266.1232761,410.25,265.8285379,409.5,265.6410379,408.75,265.4535379,408,265.2660379,407.25,264.9890933,406.5,264.4890933,405.75,263.9890933,405,263.4890933,404.25,262.9890933,403.5,262.4890933,402.75,261.9890933,402,261.6716683,401.25,261.4216683,400.5,261.1716683,399.75,260.8085837,399,260.3085837,398.25,259.8085837,397.5,259.352178,396.75,259.102178,396,258.852178,395.25,258.602178,394.5,258.128074,393.75,257.628074,393,257.128074,392.25,256.6589967,391.5,256.2089967,390.75,255.7589967,390,255.3089967,389.25,254.8589967,388.5,254.4012375,387.75,253.9012375,387,253.4012375,386.25,252.9012375,385.5,252.6205435,384.75,252.3705435,384,252.1205435,383.25,251.7207278
16,2,382.5,251.2207278,381.75,250.7207278,381,250.2608905,380.25,249.8858905,379.5,249.5108905,378.75,249.1358905,378,248.7608905,377.25,247.6728757,376.5,246.5478757,375.75,246.1691201,375,246.0191201,374.25,245.8691201,373.5,245.7191201,372.75,245.5691201,372,245.3889091,371.25,245.1389091,370.5,244.8889091,369.75,244.6389091,369,244.3889091,368.25,244.1389091,367.5,243.8889091,366.75,243.6389091,366,243.3889091,365.25,243.1389091,364.5,242.8889091,363.75,242.6389091,363,242.3889091,362.25,242.0437768,361.5,241.2937768,360.75,240.5437768,360,239.7937768,359.25,239.0437768,358.5,238.7548296,357.75,238.5673296,357,238.3798296,356.25,238.1923296,355.5,237.9767649,354.75,237.7267649,354,237.4767649,353.25,237.1839967,352.5,236.6839967,351.75,236.1839967,351,235.6839967,350.25,235.4072746,349.5,235.1572746,348.75,234.9072746,348,234.6957215,347.25,234.5082215,346.5,234.3207215,345.75,234.1332215
16,2,345,233.9304381,344.25,233.6804381,343.5,233.4304381,342.75,233.1804381,342,232.8096163,341.25,232.4346163,340.5,232.0596163,339.75,231.6846163,339,231.3096163,338.25,230.9346163,337.5,230.5596163,336.75,230.1846163,336,229.8377843,335.25,229.5877843,334.5,229.3377843,333.75,229.0877843,333,228.6009387,332.25,228.1009387,331.5,227.6009387,330.75,227.1009387,330,226.6009387,329.25,226.1009387,328.5,225.6009387,327.75,225.1009387,327,224.6009387,326.25,224.1009387,325.5,223.6009387,324.75,223.1009387,324,222.6009387,323.25,222.3098229,322.5,222.0598229,321.75,221.8098229,321,221.5598229,320.25,221.3098229,319.5,221.0598229,318.75,220.7399194,318,220.2399194,317.25,219.7399194,316.5,219.2404359,315.75,219.0529359,315,218.8654359,314.25,218.6779359,313.5,218.4904359,312.75,217.7113381,312,216.5863381,311.25,215.8513519,310.5,215.6013519,309.75,215.3513519,309,215.1181288,308.25,214.9681288
